year,country,intervention_count
2010,Algeria,1.0
2010,Bangladesh,95.0
2010,Benin,1.0
2010,Cambodia,25.0
2010,Cameroon,2.0
2010,Central African Republic,1.0
2010,Egypt,14.0
2010,Ethiopia,1.0
2010,Gabon,1.0
2010,Ivory Coast,6.0
2010,Kenya,11.0
2010,Madagascar,2.0
2010,Mauritania,1.0
2010,Morocco,1.0
2010,Nepal,16.0
2010,Nigeria,14.0
2010,Pakistan,44.0
2010,Senegal,2.0
2010,Somalia,4.0
2010,South Africa,4.0
2010,Sri Lanka,17.0
2010,Sudan,3.0
2010,Thailand,3.0
2010,Togo,7.0
2010,Tunisia,4.0
2010,Uganda,2.0
2010,Vietnam,3.0
2010,Zimbabwe,6.0
2010,eSwatini,3.0
2011,Algeria,25.0
2011,Angola,10.0
2011,Bangladesh,137.0
2011,Benin,1.0
2011,Cambodia,17.0
2011,Democratic Republic of Congo,9.0
2011,Egypt,73.0
2011,Gabon,2.0
2011,Ghana,1.0
2011,Guinea,1.0
2011,Ivory Coast,1.0
2011,Kenya,21.0
2011,Lesotho,1.0
2011,Liberia,1.0
2011,Libya,9.0
2011,Madagascar,1.0
2011,Malawi,6.0
2011,Mauritania,8.0
2011,Morocco,16.0
2011,Mozambique,3.0
2011,Myanmar,3.0
2011,Nepal,16.0
2011,Niger,1.0
2011,Nigeria,5.0
2011,Pakistan,18.0
2011,Somalia,2.0
2011,South Africa,8.0
2011,Sri Lanka,6.0
2011,Sudan,22.0
2011,Tanzania,8.0
2011,Thailand,1.0
2011,Togo,2.0
2011,Tunisia,42.0
2011,Uganda,33.0
2011,Vietnam,9.0
2011,Zimbabwe,12.0
2011,eSwatini,4.0
2012,Algeria,15.0
2012,Bangladesh,69.0
2012,Benin,2.0
2012,Burkina Faso,2.0
2012,Cambodia,20.0
2012,Chad,1.0
2012,Democratic Republic of Congo,11.0
2012,Egypt,15.0
2012,Ethiopia,8.0
2012,Gabon,2.0
2012,Ghana,2.0
2012,Guinea,4.0
2012,Kenya,9.0
2012,Libya,2.0
2012,Madagascar,3.0
2012,Malawi,1.0
2012,Mali,6.0
2012,Mauritania,14.0
2012,Morocco,15.0
2012,Mozambique,1.0
2012,Myanmar,23.0
2012,Namibia,3.0
2012,Nepal,24.0
2012,Nigeria,15.0
2012,Pakistan,58.0
2012,Senegal,4.0
2012,Somalia,6.0
2012,South Africa,26.0
2012,Sri Lanka,11.0
2012,Sudan,63.0
2012,Tanzania,8.0
2012,Thailand,1.0
2012,Togo,2.0
2012,Tunisia,10.0
2012,Uganda,19.0
2012,Vietnam,5.0
2012,Zambia,6.0
2012,Zimbabwe,15.0
2012,eSwatini,15.0
2013,Algeria,13.0
2013,Angola,7.0
2013,Bangladesh,43.0
2013,Benin,1.0
2013,Burkina Faso,4.0
2013,Cambodia,18.0
2013,Cameroon,2.0
2013,Central African Republic,2.0
2013,Democratic Republic of Congo,6.0
2013,Djibouti,1.0
2013,Egypt,121.0
2013,Equatorial Guinea,1.0
2013,Ethiopia,5.0
2013,Gabon,1.0
2013,Ghana,2.0
2013,Ivory Coast,4.0
2013,Kenya,10.0
2013,Liberia,10.0
2013,Libya,2.0
2013,Madagascar,1.0
2013,Malawi,3.0
2013,Mali,1.0
2013,Mauritania,5.0
2013,Morocco,5.0
2013,Mozambique,5.0
2013,Myanmar,13.0
2013,Namibia,3.0
2013,Nepal,20.0
2013,Nigeria,26.0
2013,Pakistan,15.0
2013,Republic of Congo,1.0
2013,Rwanda,2.0
2013,Senegal,2.0
2013,Somalia,18.0
2013,South Africa,20.0
2013,South Sudan,1.0
2013,Sri Lanka,10.0
2013,Sudan,34.0
2013,Tanzania,1.0
2013,Thailand,6.0
2013,Togo,4.0
2013,Tunisia,10.0
2013,Uganda,14.0
2013,Vietnam,4.0
2013,Zambia,3.0
2013,Zimbabwe,3.0
2013,eSwatini,5.0
2014,Algeria,20.0
2014,Angola,1.0
2014,Bangladesh,21.0
2014,Burkina Faso,7.0
2014,Burundi,6.0
2014,Cambodia,27.0
2014,Central African Republic,3.0
2014,Democratic Republic of Congo,18.0
2014,Djibouti,1.0
2014,Egypt,191.0
2014,Ethiopia,2.0
2014,Gabon,2.0
2014,Gambia,1.0
2014,Ghana,3.0
2014,Guinea,3.0
2014,Ivory Coast,6.0
2014,Kenya,15.0
2014,Liberia,4.0
2014,Libya,7.0
2014,Madagascar,5.0
2014,Mauritania,11.0
2014,Morocco,12.0
2014,Mozambique,5.0
2014,Myanmar,20.0
2014,Namibia,3.0
2014,Nepal,19.0
2014,Nigeria,24.0
2014,Pakistan,15.0
2014,Senegal,6.0
2014,Sierra Leone,2.0
2014,Somalia,25.0
2014,South Africa,45.0
2014,South Sudan,1.0
2014,Sri Lanka,12.0
2014,Sudan,27.0
2014,Tanzania,3.0
2014,Thailand,9.0
2014,Togo,2.0
2014,Tunisia,10.0
2014,Uganda,9.0
2014,Vietnam,2.0
2014,Zambia,7.0
2014,Zimbabwe,22.0
2014,eSwatini,4.0
2015,Algeria,5.0
2015,Angola,3.0
2015,Bangladesh,38.0
2015,Burkina Faso,4.0
2015,Burundi,46.0
2015,Cambodia,30.0
2015,Cameroon,1.0
2015,Democratic Republic of Congo,13.0
2015,Egypt,48.0
2015,Ethiopia,28.0
2015,Gabon,7.0
2015,Ghana,3.0
2015,Guinea,2.0
2015,Guinea-Bissau,1.0
2015,Indonesia,55.0
2015,Ivory Coast,7.0
2015,Kenya,6.0
2015,Liberia,3.0
2015,Libya,2.0
2015,Madagascar,7.0
2015,Mali,1.0
2015,Mauritania,8.0
2015,Morocco,13.0
2015,Mozambique,2.0
2015,Myanmar,30.0
2015,Namibia,5.0
2015,Nepal,28.0
2015,Niger,1.0
2015,Nigeria,16.0
2015,Pakistan,36.0
2015,Republic of Congo,2.0
2015,Senegal,10.0
2015,Sierra Leone,1.0
2015,Somalia,24.0
2015,South Africa,33.0
2015,South Sudan,2.0
2015,Sri Lanka,10.0
2015,Sudan,21.0
2015,Tanzania,8.0
2015,Thailand,9.0
2015,Togo,2.0
2015,Tunisia,21.0
2015,Uganda,16.0
2015,Vietnam,7.0
2015,Yemen,13.0
2015,Zambia,7.0
2015,Zimbabwe,21.0
2016,Algeria,10.0
2016,Angola,4.0
2016,Bahrain,75.0
2016,Bangladesh,21.0
2016,Botswana,1.0
2016,Burkina Faso,4.0
2016,Cambodia,18.0
2016,Cameroon,10.0
2016,Central African Republic,4.0
2016,Chad,12.0
2016,Democratic Republic of Congo,30.0
2016,Egypt,71.0
2016,Ethiopia,73.0
2016,Gabon,2.0
2016,Guinea,1.0
2016,Guinea-Bissau,1.0
2016,India,884.0
2016,Indonesia,53.0
2016,Iran,46.0
2016,Iraq,3.0
2016,Israel,5.0
2016,Ivory Coast,5.0
2016,Jordan,4.0
2016,Kenya,10.0
2016,Kuwait,1.0
2016,Lebanon,2.0
2016,Liberia,2.0
2016,Libya,1.0
2016,Madagascar,8.0
2016,Malawi,4.0
2016,Mauritania,8.0
2016,Morocco,5.0
2016,Myanmar,7.0
2016,Nepal,25.0
2016,Nigeria,10.0
2016,Pakistan,34.0
2016,Palestine,47.0
2016,Philippines,9.0
2016,Senegal,1.0
2016,Sierra Leone,1.0
2016,Somalia,27.0
2016,South Africa,31.0
2016,South Sudan,1.0
2016,Sri Lanka,18.0
2016,Sudan,41.0
2016,Tanzania,3.0
2016,Thailand,7.0
2016,Tunisia,8.0
2016,Turkey,135.0
2016,Uganda,23.0
2016,Vietnam,11.0
2016,Yemen,3.0
2016,Zambia,6.0
2016,Zimbabwe,35.0
2016,eSwatini,1.0
2017,Afghanistan,2.0
2017,Algeria,19.0
2017,Angola,6.0
2017,Bahrain,151.0
2017,Bangladesh,26.0
2017,Benin,3.0
2017,Burkina Faso,3.0
2017,Burundi,5.0
2017,Cambodia,15.0
2017,Cameroon,1.0
2017,Chad,1.0
2017,Democratic Republic of Congo,56.0
2017,Djibouti,1.0
2017,Egypt,16.0
2017,Eritrea,1.0
2017,Ethiopia,10.0
2017,Gabon,5.0
2017,Gambia,1.0
2017,Ghana,6.0
2017,Guinea,3.0
2017,Guinea-Bissau,2.0
2017,India,631.0
2017,Indonesia,43.0
2017,Iran,47.0
2017,Iraq,1.0
2017,Israel,14.0
2017,Ivory Coast,3.0
2017,Jordan,1.0
2017,Kenya,31.0
2017,Lebanon,4.0
2017,Liberia,3.0
2017,Libya,2.0
2017,Madagascar,1.0
2017,Malawi,3.0
2017,Mali,4.0
2017,Mauritania,9.0
2017,Morocco,16.0
2017,Mozambique,1.0
2017,Myanmar,6.0
2017,Nepal,16.0
2017,Niger,3.0
2017,Nigeria,16.0
2017,Pakistan,51.0
2017,Palestine,75.0
2017,Philippines,8.0
2017,Republic of Congo,5.0
2017,Saudi Arabia,1.0
2017,Senegal,6.0
2017,Somalia,12.0
2017,South Africa,22.0
2017,South Sudan,1.0
2017,Sri Lanka,17.0
2017,Sudan,30.0
2017,Syria,4.0
2017,Tanzania,2.0
2017,Thailand,3.0
2017,Togo,16.0
2017,Tunisia,17.0
2017,Turkey,163.0
2017,Uganda,39.0
2017,Vietnam,4.0
2017,Yemen,5.0
2017,Zambia,5.0
2017,Zimbabwe,11.0
2017,eSwatini,1.0
2018,Afghanistan,2.0
2018,Algeria,33.0
2018,Angola,13.0
2018,Argentina,32.0
2018,Armenia,10.0
2018,Azerbaijan,12.0
2018,Bahrain,60.0
2018,Bangladesh,42.0
2018,Belarus,25.0
2018,Benin,1.0
2018,Bolivia,14.0
2018,Bosnia and Herzegovina,4.0
2018,Brazil,60.0
2018,Bulgaria,4.0
2018,Burkina Faso,8.0
2018,Burundi,2.0
2018,Cambodia,8.0
2018,Cameroon,11.0
2018,Central African Republic,3.0
2018,Chad,4.0
2018,Chile,70.0
2018,China,214.0
2018,Colombia,11.0
2018,Costa Rica,9.0
2018,Croatia,2.0
2018,Cuba,9.0
2018,Curacao,1.0
2018,Cyprus,2.0
2018,Democratic Republic of Congo,45.0
2018,Dominica,1.0
2018,Dominican Republic,4.0
2018,Ecuador,3.0
2018,Egypt,6.0
2018,El Salvador,2.0
2018,Ethiopia,14.0
2018,French Guiana,1.0
2018,Gabon,3.0
2018,Gambia,1.0
2018,Georgia,24.0
2018,Ghana,2.0
2018,Greece,12.0
2018,Guadeloupe,2.0
2018,Guatemala,1.0
2018,Guinea,19.0
2018,Guyana,1.0
2018,Haiti,15.0
2018,Honduras,32.0
2018,India,946.0
2018,Indonesia,38.0
2018,Iran,70.0
2018,Iraq,22.0
2018,Israel,19.0
2018,Ivory Coast,7.0
2018,Jamaica,1.0
2018,Japan,110.0
2018,Jordan,8.0
2018,Kazakhstan,19.0
2018,Kenya,20.0
2018,Kosovo,3.0
2018,Kyrgyzstan,3.0
2018,Lebanon,6.0
2018,Lesotho,1.0
2018,Liberia,1.0
2018,Libya,2.0
2018,Madagascar,3.0
2018,Malawi,1.0
2018,Malaysia,9.0
2018,Mali,3.0
2018,Martinique,1.0
2018,Mauritania,15.0
2018,Mexico,75.0
2018,Moldova,7.0
2018,Mongolia,6.0
2018,Morocco,14.0
2018,Mozambique,2.0
2018,Myanmar,16.0
2018,Nepal,70.0
2018,Nicaragua,6.0
2018,Niger,1.0
2018,Nigeria,28.0
2018,Pakistan,80.0
2018,Palestine,91.0
2018,Panama,34.0
2018,Paraguay,11.0
2018,Peru,21.0
2018,Philippines,17.0
2018,Puerto Rico,2.0
2018,Romania,17.0
2018,Russia,242.0
2018,Saudi Arabia,1.0
2018,Senegal,5.0
2018,Serbia,7.0
2018,Sierra Leone,4.0
2018,Somalia,20.0
2018,South Africa,34.0
2018,South Korea,12.0
2018,South Sudan,2.0
2018,Sri Lanka,23.0
2018,Sudan,50.0
2018,Syria,5.0
2018,Taiwan,33.0
2018,Tajikistan,3.0
2018,Tanzania,3.0
2018,Thailand,1.0
2018,Togo,9.0
2018,Trinidad and Tobago,6.0
2018,Tunisia,9.0
2018,Turkey,458.0
2018,Uganda,20.0
2018,Ukraine,32.0
2018,United Arab Emirates,1.0
2018,Uruguay,1.0
2018,Uzbekistan,4.0
2018,Venezuela,163.0
2018,Vietnam,3.0
2018,Yemen,6.0
2018,Zambia,3.0
2018,Zimbabwe,17.0
2018,eSwatini,1.0
2019,Albania,7.0
2019,Algeria,73.0
2019,Angola,5.0
2019,Argentina,34.0
2019,Armenia,9.0
2019,Azerbaijan,28.0
2019,Bahrain,8.0
2019,Bangladesh,39.0
2019,Belarus,23.0
2019,Belize,1.0
2019,Benin,7.0
2019,Bolivia,23.0
2019,Bosnia and Herzegovina,7.0
2019,Botswana,1.0
2019,Brazil,53.0
2019,Bulgaria,5.0
2019,Burkina Faso,7.0
2019,Burundi,2.0
2019,Cambodia,7.0
2019,Cameroon,13.0
2019,Caribbean Netherlands,1.0
2019,Central African Republic,3.0
2019,Chad,10.0
2019,Chile,206.0
2019,China,151.0
2019,Colombia,46.0
2019,Costa Rica,10.0
2019,Croatia,4.0
2019,Cuba,8.0
2019,Cyprus,7.0
2019,Democratic Republic of Congo,83.0
2019,Dominica,1.0
2019,Dominican Republic,2.0
2019,Ecuador,13.0
2019,Egypt,27.0
2019,El Salvador,1.0
2019,Ethiopia,10.0
2019,Gabon,4.0
2019,Gambia,2.0
2019,Georgia,45.0
2019,Ghana,9.0
2019,Greece,33.0
2019,Guatemala,12.0
2019,Guinea,22.0
2019,Guinea-Bissau,2.0
2019,Haiti,17.0
2019,Honduras,30.0
2019,India,891.0
2019,Indonesia,52.0
2019,Iran,66.0
2019,Iraq,29.0
2019,Israel,27.0
2019,Ivory Coast,16.0
2019,Japan,77.0
2019,Jordan,2.0
2019,Kazakhstan,66.0
2019,Kenya,20.0
2019,Kosovo,2.0
2019,Kuwait,3.0
2019,Kyrgyzstan,9.0
2019,Lebanon,61.0
2019,Liberia,6.0
2019,Libya,1.0
2019,Madagascar,4.0
2019,Malawi,8.0
2019,Malaysia,8.0
2019,Mali,5.0
2019,Martinique,1.0
2019,Mauritania,14.0
2019,Mexico,85.0
2019,Moldova,3.0
2019,Mongolia,1.0
2019,Montenegro,5.0
2019,Morocco,70.0
2019,Mozambique,9.0
2019,Myanmar,6.0
2019,Namibia,2.0
2019,Nepal,96.0
2019,Nicaragua,31.0
2019,Niger,2.0
2019,Nigeria,33.0
2019,North Macedonia,1.0
2019,Oman,1.0
2019,Pakistan,44.0
2019,Palestine,55.0
2019,Panama,11.0
2019,Paraguay,19.0
2019,Peru,32.0
2019,Philippines,10.0
2019,Puerto Rico,3.0
2019,Republic of Congo,3.0
2019,Romania,10.0
2019,Russia,130.0
2019,Senegal,8.0
2019,Serbia,9.0
2019,Sierra Leone,3.0
2019,Somalia,3.0
2019,South Africa,25.0
2019,South Korea,32.0
2019,South Sudan,2.0
2019,Sri Lanka,40.0
2019,Sudan,173.0
2019,Syria,14.0
2019,Taiwan,24.0
2019,Tajikistan,1.0
2019,Tanzania,1.0
2019,Thailand,3.0
2019,Togo,1.0
2019,Trinidad and Tobago,2.0
2019,Tunisia,47.0
2019,Turkey,850.0
2019,Uganda,38.0
2019,Ukraine,32.0
2019,Uzbekistan,7.0
2019,Venezuela,148.0
2019,Vietnam,8.0
2019,Yemen,5.0
2019,Zambia,1.0
2019,Zimbabwe,17.0
2019,eSwatini,1.0
2020,Albania,15.0
2020,Algeria,117.0
2020,Angola,15.0
2020,Argentina,49.0
2020,Armenia,42.0
2020,Austria,13.0
2020,Azerbaijan,27.0
2020,Bahamas,2.0
2020,Bahrain,2.0
2020,Bangladesh,36.0
2020,Barbados,1.0
2020,Belarus,242.0
2020,Belgium,28.0
2020,Belize,1.0
2020,Benin,3.0
2020,Bolivia,16.0
2020,Brazil,58.0
2020,Bulgaria,20.0
2020,Burkina Faso,8.0
2020,Burundi,3.0
2020,Cambodia,23.0
2020,Cameroon,17.0
2020,Central African Republic,4.0
2020,Chad,10.0
2020,Chile,139.0
2020,China,110.0
2020,Colombia,15.0
2020,Comoros,4.0
2020,Costa Rica,17.0
2020,Croatia,1.0
2020,Cuba,9.0
2020,Cyprus,4.0
2020,Czech Republic,6.0
2020,Democratic Republic of Congo,125.0
2020,Denmark,21.0
2020,Djibouti,2.0
2020,Dominican Republic,4.0
2020,Ecuador,10.0
2020,Egypt,49.0
2020,El Salvador,3.0
2020,Equatorial Guinea,1.0
2020,Estonia,1.0
2020,Ethiopia,4.0
2020,Finland,7.0
2020,France,133.0
2020,Gabon,7.0
2020,Georgia,63.0
2020,Germany,114.0
2020,Ghana,14.0
2020,Greece,34.0
2020,Guadeloupe,1.0
2020,Guatemala,4.0
2020,Guinea,26.0
2020,Guinea-Bissau,1.0
2020,Guyana,9.0
2020,Haiti,17.0
2020,Honduras,14.0
2020,Hungary,2.0
2020,India,1003.0
2020,Indonesia,89.0
2020,Iran,78.0
2020,Iraq,61.0
2020,Ireland,4.0
2020,Israel,97.0
2020,Italy,49.0
2020,Ivory Coast,10.0
2020,Japan,36.0
2020,Jordan,6.0
2020,Kazakhstan,36.0
2020,Kenya,24.0
2020,Kosovo,1.0
2020,Kuwait,2.0
2020,Kyrgyzstan,3.0
2020,Latvia,3.0
2020,Lebanon,55.0
2020,Liberia,13.0
2020,Libya,2.0
2020,Lithuania,4.0
2020,Madagascar,4.0
2020,Malawi,9.0
2020,Malaysia,2.0
2020,Maldives,8.0
2020,Mali,4.0
2020,Mauritania,38.0
2020,Mexico,109.0
2020,Moldova,4.0
2020,Mongolia,5.0
2020,Montenegro,8.0
2020,Morocco,120.0
2020,Mozambique,4.0
2020,Myanmar,6.0
2020,Namibia,6.0
2020,Nepal,116.0
2020,Netherlands,49.0
2020,Nicaragua,7.0
2020,Niger,2.0
2020,Nigeria,57.0
2020,North Macedonia,1.0
2020,Norway,16.0
2020,Pakistan,17.0
2020,Palestine,77.0
2020,Panama,9.0
2020,Paraguay,9.0
2020,Peru,63.0
2020,Philippines,34.0
2020,Poland,46.0
2020,Puerto Rico,1.0
2020,Romania,3.0
2020,Russia,201.0
2020,Rwanda,1.0
2020,Saint Lucia,1.0
2020,Senegal,5.0
2020,Serbia,1.0
2020,Sierra Leone,5.0
2020,Slovakia,4.0
2020,Slovenia,4.0
2020,Somalia,9.0
2020,South Africa,67.0
2020,South Korea,20.0
2020,South Sudan,4.0
2020,Spain,18.0
2020,Sri Lanka,15.0
2020,Sudan,28.0
2020,Suriname,1.0
2020,Sweden,17.0
2020,Switzerland,13.0
2020,Syria,17.0
2020,Taiwan,16.0
2020,Tajikistan,1.0
2020,Thailand,13.0
2020,Togo,8.0
2020,Trinidad and Tobago,4.0
2020,Tunisia,29.0
2020,Turkey,437.0
2020,Turkmenistan,1.0
2020,Uganda,61.0
2020,Ukraine,24.0
2020,United Kingdom,103.0
2020,United States,782.0
2020,Uzbekistan,10.0
2020,Venezuela,123.0
2020,Vietnam,2.0
2020,Yemen,19.0
2020,Zambia,1.0
2020,Zimbabwe,17.0
2020,eSwatini,2.0
